192.168.10.8-49558-192.168.10.50-21-tcp,0.3448275862068966,0,0,0,4934.623529411765,0,0,0
192.168.10.51-33238-192.168.10.50-21-tcp,0.3448275862068966,0,0,0,4523.764705882353,0,0,0
192.168.10.15-54041-192.168.10.50-21-tcp,0.3448275862068966,0,0,0,5192.070588235294,0,0,0
192.168.10.25-52573-192.168.10.50-21-tcp,0.3333333333333333,0,0,0,3293.0,0,0,0
192.168.10.8-55551-192.168.10.50-21-tcp,0.367816091954023,0,0,0,4777.2235294117645,0,0,0
192.168.10.15-49724-192.168.10.50-21-tcp,0.2988505747126437,0,0,0,4238.894117647059,0,0,0
192.168.10.5-50128-192.168.10.50-21-tcp,0.3333333333333333,0,0,0,2287.6588235294116,0,0,0
192.168.10.5-64253-192.168.10.50-21-tcp,0.3218390804597701,0,0,0,3626.741176470588,0,0,0
192.168.10.25-49899-192.168.10.50-21-tcp,0.367816091954023,0,0,0,4280.870588235294,0,0,0
192.168.10.16-42000-192.168.10.50-21-tcp,0.3103448275862069,0,0,0,2955.0823529411764,0,0,0
192.168.10.14-57897-192.168.10.50-21-tcp,0.3563218390804598,0,0,0,4512.129411764706,0,0,0
192.168.10.9-6807-192.168.10.50-21-tcp,0.3448275862068966,0,0,0,4683.84705882353,0,0,0
192.168.10.5-49390-192.168.10.50-21-tcp,0.3333333333333333,0,0,0,3298.470588235294,0,0,0
192.168.10.16-54070-192.168.10.50-21-tcp,0.3448275862068966,0,0,0,3735.141176470588,0,0,0
192.168.10.8-57375-192.168.10.50-21-tcp,0.3448275862068966,0,0,0,3820.2705882352943,0,0,0
192.168.10.51-37043-192.168.10.50-21-tcp,0.367816091954023,0,0,0,3449.670588235294,0,0,0
192.168.10.51-59951-192.168.10.50-21-tcp,0.367816091954023,0,0,0,5703.094117647059,0,0,0
192.168.10.25-49265-192.168.10.50-21-tcp,0.27586206896551724,0,1,0,3028.4117647058824,0,0,0
192.168.10.51-33338-192.168.10.50-21-tcp,0.367816091954023,0,0,0,5265.8117647058825,0,0,0
192.168.10.25-49277-192.168.10.50-21-tcp,0.3563218390804598,0,0,0,4564.482352941176,0,0,0
192.168.10.16-50440-192.168.10.50-21-tcp,0.3103448275862069,0,0,0,3949.835294117647,0,0,0
192.168.10.8-54566-192.168.10.50-21-tcp,0.3218390804597701,0,0,0,3992.752941176471,0,0,0
192.168.10.5-56597-192.168.10.50-21-tcp,0.367816091954023,0,0,0,5549.2588235294115,0,0,0
192.168.10.8-52466-192.168.10.50-21-tcp,0.367816091954023,0,0,0,4762.788235294118,0,0,0
192.168.10.8-57196-192.168.10.50-21-tcp,0.3793103448275862,0,0,0,5345.588235294118,0,0,0
192.168.10.14-59015-192.168.10.50-21-tcp,0.3563218390804598,0,0,0,5406.635294117647,0,0,0
192.168.10.17-50774-192.168.10.50-21-tcp,0.3333333333333333,0,0,0,3979.9529411764706,0,0,0
192.168.10.15-49552-192.168.10.50-21-tcp,0.367816091954023,0,0,0,4565.517647058824,0,0,0
192.168.10.15-52386-192.168.10.50-21-tcp,0.367816091954023,0,0,0,6049.529411764706,1,0,0
192.168.10.16-47672-192.168.10.50-21-tcp,0.3793103448275862,0,0,0,5112.988235294118,0,0,0
192.168.10.51-36201-192.168.10.50-21-tcp,0.3563218390804598,0,0,0,4115.2235294117645,0,0,0
192.168.10.14-59671-192.168.10.50-21-tcp,0.3448275862068966,0,0,0,4402.1882352941175,0,0,0
192.168.10.25-63709-192.168.10.50-21-tcp,0.3218390804597701,0,0,0,3785.3176470588237,0,0,0
192.168.10.9-3278-192.168.10.50-21-tcp,0.3448275862068966,0,0,0,4323.094117647059,0,0,0
192.168.10.5-49507-192.168.10.50-21-tcp,0.3448275862068966,0,0,0,3486.164705882353,0,0,0
192.168.10.9-6753-192.168.10.50-21-tcp,0.3563218390804598,0,0,0,4222.211764705882,0,0,0
192.168.10.51-32933-192.168.10.50-21-tcp,0.3448275862068966,0,0,0,4920.094117647059,0,0,0
192.168.10.15-49485-192.168.10.50-21-tcp,0.3218390804597701,0,0,0,4620.870588235294,0,0,0
192.168.10.5-49302-192.168.10.50-21-tcp,0.3333333333333333,0,0,0,3119.423529411765,0,0,0
192.168.10.19-58757-192.168.10.50-21-tcp,0.367816091954023,0,0,0,4038.529411764706,0,0,0
192.168.10.8-53306-192.168.10.50-21-tcp,0.3448275862068966,0,0,0,4188.764705882353,0,0,0
192.168.10.17-57703-192.168.10.50-21-tcp,0.3793103448275862,0,0,0,5717.964705882353,0,0,0
192.168.10.15-51580-192.168.10.50-21-tcp,0.3563218390804598,0,0,0,4713.635294117647,0,0,0
192.168.10.51-36862-192.168.10.50-21-tcp,0.3448275862068966,0,0,0,2672.9764705882353,0,0,0
192.168.10.16-54070-192.168.10.50-21-tcp,0.3448275862068966,0,0,0,3735.141176470588,0,0,0
192.168.10.9-1070-192.168.10.50-21-tcp,0.3333333333333333,0,0,0,3498.835294117647,0,0,0
192.168.10.8-49406-192.168.10.50-21-tcp,0.3218390804597701,0,0,0,4459.494117647058,0,0,0
192.168.10.17-56247-192.168.10.50-21-tcp,0.3563218390804598,0,0,0,3910.294117647059,0,0,0
192.168.10.16-50028-192.168.10.50-21-tcp,0.3218390804597701,0,0,0,3384.6588235294116,0,0,0
192.168.10.12-58752-192.168.10.50-21-tcp,0.3563218390804598,0,0,0,4129.564705882353,0,0,0
192.168.10.16-49018-192.168.10.50-21-tcp,0.2988505747126437,0,0,0,2751.3411764705884,0,0,0
192.168.10.12-57180-192.168.10.50-21-tcp,0.3793103448275862,0,0,0,5016.364705882353,0,0,0
192.168.10.19-58034-192.168.10.50-21-tcp,0.3448275862068966,0,0,0,2413.788235294118,0,0,0
192.168.10.51-32933-192.168.10.50-21-tcp,0.3448275862068966,0,0,0,4920.094117647059,0,0,0
192.168.10.14-54136-192.168.10.50-21-tcp,0.39080459770114945,1,0,0,4356.423529411764,0,0,0
192.168.10.15-51048-192.168.10.50-21-tcp,0.367816091954023,0,0,0,4641.094117647059,0,0,0
192.168.10.14-57119-192.168.10.50-21-tcp,0.3448275862068966,0,0,0,3049.8,0,0,0
192.168.10.51-34966-192.168.10.50-21-tcp,0.3218390804597701,0,0,0,4701.2588235294115,0,0,0
192.168.10.12-36444-192.168.10.50-21-tcp,0.3563218390804598,0,0,0,2379.3411764705884,0,0,0
192.168.10.17-51185-192.168.10.50-21-tcp,0.3333333333333333,0,0,0,3371.176470588235,0,0,0
192.168.10.12-38566-192.168.10.50-21-tcp,0.3333333333333333,0,0,0,3273.9882352941177,0,0,0
192.168.10.8-52924-192.168.10.50-21-tcp,0.3448275862068966,0,0,0,3680.4823529411765,0,0,0
192.168.10.19-58137-192.168.10.50-21-tcp,0.3563218390804598,0,0,0,1893.5647058823529,0,0,0
192.168.10.12-58656-192.168.10.50-21-tcp,0.3218390804597701,0,0,0,3161.0941176470587,0,0,0
192.168.10.5-50461-192.168.10.50-21-tcp,0.3448275862068966,0,0,0,4371.823529411765,0,0,0
192.168.10.51-59963-192.168.10.50-21-tcp,0.367816091954023,0,0,0,4011.435294117647,0,0,0
192.168.10.25-49175-192.168.10.50-21-tcp,0.2988505747126437,0,0,0,4056.9058823529413,0,0,0
192.168.10.5-52471-192.168.10.50-21-tcp,0.3563218390804598,0,0,0,3832.576470588235,0,0,0
192.168.10.19-58713-192.168.10.50-21-tcp,0.3333333333333333,0,0,0,3798.2705882352943,0,0,0
192.168.10.15-52839-192.168.10.50-21-tcp,0.3333333333333333,0,0,0,2091.0470588235294,0,0,0
192.168.10.19-59698-192.168.10.50-21-tcp,0.3333333333333333,0,0,0,3691.6823529411763,0,0,0
192.168.10.25-65243-192.168.10.50-21-tcp,0.3563218390804598,0,0,0,4333.552941176471,0,0,0
192.168.10.17-51460-192.168.10.50-21-tcp,0.3563218390804598,0,0,0,5798.623529411765,0,0,0
192.168.10.17-50998-192.168.10.50-21-tcp,0.3218390804597701,0,0,0,3826.6235294117646,0,0,0
192.168.10.8-56985-192.168.10.50-21-tcp,0.3333333333333333,0,0,0,3870.6941176470586,0,0,0
192.168.10.12-37504-192.168.10.50-21-tcp,0.3563218390804598,0,0,0,3308.435294117647,0,0,0
192.168.10.14-59458-192.168.10.50-21-tcp,0.3563218390804598,0,0,0,4538.270588235294,0,0,0
192.168.10.14-59015-192.168.10.50-21-tcp,0.3563218390804598,0,0,0,5406.635294117647,0,0,0
192.168.10.8-53628-192.168.10.50-21-tcp,0.3793103448275862,0,0,0,5402.988235294118,0,0,0
192.168.10.16-46638-192.168.10.50-21-tcp,0.3218390804597701,0,0,0,3479.576470588235,0,0,0
192.168.10.19-58813-192.168.10.50-21-tcp,0.3563218390804598,0,0,0,4426.541176470589,0,0,0
192.168.10.12-58292-192.168.10.50-21-tcp,0.3563218390804598,0,0,0,2960.8,0,0,0
172.16.0.1-58178-192.168.10.50-21-tcp,0.5405405405405406,1,1,1,7361.971428571429,1,1,0
172.16.0.1-52858-192.168.10.50-21-tcp,0.5142857142857142,1,1,1,11665.515151515152,1,1,1
172.16.0.1-54772-192.168.10.50-21-tcp,0.5,1,1,1,6258.8125,1,0,0
192.168.10.9-6800-192.168.10.50-21-tcp,0.3563218390804598,0,0,0,4965.941176470588,0,0,0
192.168.10.15-53926-192.168.10.50-21-tcp,0.3218390804597701,0,0,0,3241.435294117647,0,0,0
192.168.10.8-50372-192.168.10.50-21-tcp,0.3333333333333333,0,0,0,3629.9176470588236,0,0,0
192.168.10.12-57254-192.168.10.50-21-tcp,0.3333333333333333,0,0,0,3767.235294117647,0,0,0
192.168.10.15-52174-192.168.10.50-21-tcp,0.367816091954023,0,0,0,4286.752941176471,0,0,0
192.168.10.17-51383-192.168.10.50-21-tcp,0.3563218390804598,0,0,0,3732.235294117647,0,0,0
192.168.10.15-51872-192.168.10.50-21-tcp,0.367816091954023,0,0,0,4331.705882352941,0,0,0
192.168.10.17-55937-192.168.10.50-21-tcp,0.3563218390804598,0,0,0,4333.635294117647,0,0,0
192.168.10.9-64452-192.168.10.50-21-tcp,0.3333333333333333,0,0,0,3324.0470588235294,0,0,0
192.168.10.19-56863-192.168.10.50-21-tcp,0.3793103448275862,0,0,0,3038.576470588235,0,0,0
172.16.0.1-55530-192.168.10.50-21-tcp,0.41379310344827586,1,0,0,7843.518518518518,1,1,1
172.16.0.1-58442-192.168.10.50-21-tcp,0.5609756097560976,1,1,1,4797.102564102564,0,0,0
172.16.0.1-59412-192.168.10.50-21-tcp,0.5142857142857142,1,1,1,5752.090909090909,0,0,0
172.16.0.1-53540-192.168.10.50-21-tcp,0.48484848484848486,1,1,1,11158.290322580646,1,1,1
192.168.10.5-56633-192.168.10.50-21-tcp,0.3218390804597701,0,0,0,2702.964705882353,0,0,0
172.16.0.1-52628-192.168.10.50-21-tcp,0.47058823529411764,1,1,1,8206.71875,1,1,1
172.16.0.1-56784-192.168.10.50-21-tcp,0.4827586206896552,1,1,1,5706.675438596491,0,0,0
172.16.0.1-54938-192.168.10.50-21-tcp,0.5238095238095238,1,1,1,11061.217741935483,1,1,1
172.16.0.1-58692-192.168.10.50-21-tcp,0.3793103448275862,0,0,0,6459.888888888889,1,0,0
172.16.0.1-57538-192.168.10.50-21-tcp,0.5,1,1,1,10971.854838709678,1,1,1
172.16.0.1-56682-192.168.10.50-21-tcp,0.41935483870967744,1,0,0,9782.034482758621,1,1,1
172.16.0.1-53156-192.168.10.50-21-tcp,0.3939393939393939,1,0,0,6938.4838709677415,1,1,0
172.16.0.1-56226-192.168.10.50-21-tcp,0.5,1,1,1,5336.53125,0,0,0
172.16.0.1-56864-192.168.10.50-21-tcp,0.41379310344827586,1,0,0,5173.592592592592,0,0,0
172.16.0.1-55602-192.168.10.50-21-tcp,0.48214285714285715,1,1,1,8216.454545454546,1,1,1
172.16.0.1-54304-192.168.10.50-21-tcp,0.5142857142857142,1,1,1,5410.969696969697,0,0,0
172.16.0.1-53374-192.168.10.50-21-tcp,0.45161290322580644,1,1,1,11218.586206896553,1,1,1
172.16.0.1-58176-192.168.10.50-21-tcp,0.5641025641025641,1,1,1,6085.486486486487,1,0,0
172.16.0.1-57028-192.168.10.50-21-tcp,0.43333333333333335,1,1,0,5633.964285714285,0,0,0
172.16.0.1-54658-192.168.10.50-21-tcp,0.5688073394495413,1,1,1,11055.925233644859,1,1,1
172.16.0.1-55330-192.168.10.50-21-tcp,0.5853658536585366,1,1,1,6627.307692307692,1,0,0
172.16.0.1-54228-192.168.10.50-21-tcp,0.48484848484848486,1,1,1,7269.387096774193,1,1,0
172.16.0.1-54148-192.168.10.50-21-tcp,0.6222222222222222,1,1,1,8924.860465116279,1,1,1
172.16.0.1-58026-192.168.10.50-21-tcp,0.41935483870967744,1,0,0,6901.6551724137935,1,1,0
172.16.0.1-56142-192.168.10.50-21-tcp,0.48695652173913045,1,1,1,6286.371681415929,1,0,0
172.16.0.1-54308-192.168.10.50-21-tcp,0.5526315789473685,1,1,1,9237.888888888889,1,1,1
172.16.0.1-57800-192.168.10.50-21-tcp,0.5135135135135135,1,1,1,9108.4,1,1,1
172.16.0.1-56340-192.168.10.50-21-tcp,0.5277777777777778,1,1,1,6848.911764705882,1,1,0
172.16.0.1-58966-192.168.10.50-21-tcp,0.5657894736842105,1,1,1,9336.364864864865,1,1,1
172.16.0.1-55160-192.168.10.50-21-tcp,0.5,1,1,1,7479.676470588235,1,1,1
172.16.0.1-54234-192.168.10.50-21-tcp,0.45161290322580644,1,1,1,5442.275862068966,0,0,0
172.16.0.1-58302-192.168.10.50-21-tcp,0.48484848484848486,1,1,1,8444.548387096775,1,1,1
172.16.0.1-53010-192.168.10.50-21-tcp,0.5142857142857142,1,1,1,7078.030303030303,1,1,0
172.16.0.1-54594-192.168.10.50-21-tcp,0.46875,1,1,1,10262.9,1,1,1
172.16.0.1-53026-192.168.10.50-21-tcp,0.5641025641025641,1,1,1,7274.621621621622,1,1,0
172.16.0.1-54770-192.168.10.50-21-tcp,0.5285714285714286,1,1,1,7243.867647058823,1,1,0
172.16.0.1-55736-192.168.10.50-21-tcp,0.5405405405405406,1,1,1,9194.542857142857,1,1,1
172.16.0.1-56662-192.168.10.50-21-tcp,0.48484848484848486,1,1,1,6615.193548387097,1,0,0
172.16.0.1-60060-192.168.10.50-21-tcp,0.5952380952380952,1,1,1,5278.575,0,0,0
192.168.10.16-34760-192.168.10.50-21-tcp,0.3333333333333333,0,0,0,6127.305882352941,1,0,0
172.16.0.1-56434-192.168.10.50-21-tcp,0.5384615384615384,1,1,1,7459.264705882353,1,1,1
172.16.0.1-52886-192.168.10.50-21-tcp,0.5733333333333334,1,1,1,9494.767123287671,1,1,1
172.16.0.1-52240-192.168.10.50-21-tcp,0.5142857142857142,1,1,1,7509.878787878788,1,1,1
172.16.0.1-57144-192.168.10.50-21-tcp,0.5,1,1,1,6788.5625,1,1,0
172.16.0.1-59428-192.168.10.50-21-tcp,0.41379310344827586,1,0,0,8221.185185185184,1,1,1
172.16.0.1-58752-192.168.10.50-21-tcp,0.4778761061946903,1,1,1,8012.792792792793,1,1,1
172.16.0.1-56824-192.168.10.50-21-tcp,0.41379310344827586,1,0,0,7428.0,1,1,1
172.16.0.1-56174-192.168.10.50-21-tcp,0.5074626865671642,1,1,1,8468.138461538461,1,1,1
172.16.0.1-52160-192.168.10.50-21-tcp,0.45161290322580644,1,1,1,8060.931034482759,1,1,1
172.16.0.1-55616-192.168.10.50-21-tcp,0.4722222222222222,1,1,1,11862.441176470587,1,1,1
172.16.0.1-54270-192.168.10.50-21-tcp,0.5277777777777778,1,1,1,11728.117647058823,1,1,1
172.16.0.1-60096-192.168.10.50-21-tcp,0.41935483870967744,1,0,0,5348.275862068966,0,0,0
172.16.0.1-58264-192.168.10.50-21-tcp,0.5641025641025641,1,1,1,5936.8378378378375,0,0,0
172.16.0.1-54608-192.168.10.50-21-tcp,0.5277777777777778,1,1,1,6264.970588235294,1,0,0
172.16.0.1-55632-192.168.10.50-21-tcp,0.47058823529411764,1,1,1,10449.40625,1,1,1
172.16.0.1-58660-192.168.10.50-21-tcp,0.47058823529411764,1,1,1,7785.28125,1,1,1
172.16.0.1-54188-192.168.10.50-21-tcp,0.41379310344827586,1,0,0,5461.407407407408,0,0,0
192.168.10.17-51903-192.168.10.50-21-tcp,0.3793103448275862,0,0,0,5714.482352941176,0,0,0
172.16.0.1-52464-192.168.10.50-21-tcp,0.41379310344827586,1,0,0,10974.296296296296,1,1,1
172.16.0.1-58076-192.168.10.50-21-tcp,0.49206349206349204,1,1,1,6554.262295081967,1,0,0
172.16.0.1-52862-192.168.10.50-21-tcp,0.5428571428571428,1,1,1,9573.20588235294,1,1,1
172.16.0.1-54288-192.168.10.50-21-tcp,0.5526315789473685,1,1,1,6686.861111111111,1,1,0
172.16.0.1-55928-192.168.10.50-21-tcp,0.5277777777777778,1,1,1,13112.058823529413,1,1,1
172.16.0.1-56050-192.168.10.50-21-tcp,0.5135135135135135,1,1,1,5686.571428571428,0,0,0
172.16.0.1-52822-192.168.10.50-21-tcp,0.45161290322580644,1,1,1,8382.310344827587,1,1,1
172.16.0.1-54004-192.168.10.50-21-tcp,0.5277777777777778,1,1,1,6443.029411764706,1,0,0
172.16.0.1-57688-192.168.10.50-21-tcp,0.45161290322580644,1,1,1,5217.448275862069,0,0,0
172.16.0.1-58104-192.168.10.50-21-tcp,0.48484848484848486,1,1,1,4964.612903225807,0,0,0
172.16.0.1-56700-192.168.10.50-21-tcp,0.46846846846846846,1,1,1,7839.284403669725,1,1,1
172.16.0.1-56660-192.168.10.50-21-tcp,0.5084745762711864,1,1,1,6748.767241379311,1,1,0
192.168.10.14-54309-192.168.10.50-21-tcp,0.39080459770114945,1,0,0,5912.211764705882,0,0,0
172.16.0.1-55782-192.168.10.50-21-tcp,0.5775862068965517,1,1,1,10007.263157894737,1,1,1
172.16.0.1-55884-192.168.10.50-21-tcp,0.5405405405405406,1,1,1,8680.142857142857,1,1,1
172.16.0.1-57474-192.168.10.50-21-tcp,0.5135135135135135,1,1,1,4900.028571428571,0,0,0
172.16.0.1-53360-192.168.10.50-21-tcp,0.5142857142857142,1,1,1,6737.333333333333,1,1,0
172.16.0.1-53654-192.168.10.50-21-tcp,0.45161290322580644,1,1,1,5987.827586206897,1,0,0
172.16.0.1-52788-192.168.10.50-21-tcp,0.5142857142857142,1,1,1,9959.878787878788,1,1,1
172.16.0.1-53316-192.168.10.50-21-tcp,0.5135135135135135,1,1,1,8408.171428571428,1,1,1
172.16.0.1-57398-192.168.10.50-21-tcp,0.4774774774774775,1,1,1,8861.944954128441,1,1,1
172.16.0.1-53938-192.168.10.50-21-tcp,0.5,1,1,1,6144.21875,1,0,0
172.16.0.1-52338-192.168.10.50-21-tcp,0.4956521739130435,1,1,1,7529.911504424779,1,1,1
172.16.0.1-52200-192.168.10.50-21-tcp,0.49122807017543857,1,1,1,9603.982142857143,1,1,1
172.16.0.1-54720-192.168.10.50-21-tcp,0.46875,1,1,1,8579.766666666666,1,1,1
192.168.10.51-51118-192.168.10.50-21-tcp,0.367816091954023,0,0,0,6341.635294117647,1,0,0
172.16.0.1-56894-192.168.10.50-21-tcp,0.5480769230769231,1,1,1,5982.264705882353,1,0,0
192.168.10.17-50700-192.168.10.50-21-tcp,0.3793103448275862,0,0,0,4282.129411764706,0,0,0
172.16.0.1-59582-192.168.10.50-21-tcp,0.5084745762711864,1,1,1,8363.836206896553,1,1,1
172.16.0.1-57546-192.168.10.50-21-tcp,0.5223880597014925,1,1,1,9244.969230769231,1,1,1
172.16.0.1-59708-192.168.10.50-21-tcp,0.5,1,1,1,11112.29411764706,1,1,1
172.16.0.1-55274-192.168.10.50-21-tcp,0.48484848484848486,1,1,1,8268.161290322581,1,1,1
172.16.0.1-53134-192.168.10.50-21-tcp,0.48760330578512395,1,1,1,7904.487394957983,1,1,1
172.16.0.1-52660-192.168.10.50-21-tcp,0.3793103448275862,0,0,0,11751.74074074074,1,1,1
172.16.0.1-55146-192.168.10.50-21-tcp,0.4857142857142857,1,1,1,5925.515151515152,0,0,0
172.16.0.1-59306-192.168.10.50-21-tcp,0.5952380952380952,1,1,1,7164.725,1,1,0
172.16.0.1-55528-192.168.10.50-21-tcp,0.4528301886792453,1,1,1,7403.115384615385,1,1,0
172.16.0.1-56260-192.168.10.50-21-tcp,0.5277777777777778,1,1,1,6177.0,1,0,0
172.16.0.1-58560-192.168.10.50-21-tcp,0.5,1,1,1,4587.09375,0,0,0
172.16.0.1-57592-192.168.10.50-21-tcp,0.5285714285714286,1,1,1,8361.926470588236,1,1,1
172.16.0.1-59402-192.168.10.50-21-tcp,0.45454545454545453,1,1,1,6144.0,1,0,0
172.16.0.1-59960-192.168.10.50-21-tcp,0.46875,1,1,1,5806.5,0,0,0
172.16.0.1-57418-192.168.10.50-21-tcp,0.5462962962962963,1,1,1,8323.424528301886,1,1,1
192.168.10.5-56794-192.168.10.50-21-tcp,0.3793103448275862,0,0,0,5375.870588235294,0,0,0
192.168.10.8-51128-192.168.10.50-21-tcp,0.3448275862068966,0,0,0,4735.976470588235,0,0,0
172.16.0.1-53408-192.168.10.50-21-tcp,0.575,1,1,1,8052.868421052632,1,1,1
172.16.0.1-59542-192.168.10.50-21-tcp,0.45161290322580644,1,1,1,8173.103448275862,1,1,1
172.16.0.1-58224-192.168.10.50-21-tcp,0.5135135135135135,1,1,1,8361.657142857142,1,1,1
172.16.0.1-60114-192.168.10.50-21-tcp,0.5277777777777778,1,1,1,8214.058823529413,1,1,1
172.16.0.1-55954-192.168.10.50-21-tcp,0.4375,1,1,0,8860.5,1,1,1
192.168.10.14-56481-192.168.10.50-21-tcp,0.39080459770114945,1,0,0,4491.694117647059,0,0,0
172.16.0.1-56550-192.168.10.50-21-tcp,0.575,1,1,1,9019.47435897436,1,1,1
192.168.10.16-33146-192.168.10.50-21-tcp,0.367816091954023,0,0,0,5179.0,0,0,0
172.16.0.1-52166-192.168.10.50-21-tcp,0.47540983606557374,1,1,1,8291.898305084746,1,1,1
172.16.0.1-59436-192.168.10.50-21-tcp,0.5405405405405406,1,1,1,10764.257142857143,1,1,1
172.16.0.1-57256-192.168.10.50-21-tcp,0.5,1,1,1,12961.71875,1,1,1
172.16.0.1-54464-192.168.10.50-21-tcp,0.4,1,0,0,7257.928571428572,1,1,0
172.16.0.1-58088-192.168.10.50-21-tcp,0.47540983606557374,1,1,1,9038.322033898305,1,1,1
172.16.0.1-55572-192.168.10.50-21-tcp,0.4594594594594595,1,1,1,10398.542857142857,1,1,1
172.16.0.1-58736-192.168.10.50-21-tcp,0.47058823529411764,1,1,1,11637.625,1,1,1
172.16.0.1-52818-192.168.10.50-21-tcp,0.5142857142857142,1,1,1,8680.666666666666,1,1,1
172.16.0.1-59058-192.168.10.50-21-tcp,0.48484848484848486,1,1,1,6376.645161290323,1,0,0
172.16.0.1-59976-192.168.10.50-21-tcp,0.4444444444444444,1,1,1,7114.14705882353,1,1,0
172.16.0.1-55654-192.168.10.50-21-tcp,0.48484848484848486,1,1,1,8844.838709677419,1,1,1
172.16.0.1-57506-192.168.10.50-21-tcp,0.45161290322580644,1,1,1,8012.586206896552,1,1,1
172.16.0.1-57968-192.168.10.50-21-tcp,0.4864864864864865,1,1,1,6630.428571428572,1,0,0
172.16.0.1-58190-192.168.10.50-21-tcp,0.5142857142857142,1,1,1,6133.030303030303,1,0,0
172.16.0.1-56310-192.168.10.50-21-tcp,0.4375,1,1,0,4929.766666666666,0,0,0
192.168.10.14-53549-192.168.10.50-21-tcp,0.367816091954023,0,0,0,4215.505882352942,0,0,0
192.168.10.16-39056-192.168.10.50-21-tcp,0.3793103448275862,0,0,0,5575.447058823529,0,0,0
172.16.0.1-55118-192.168.10.50-21-tcp,0.4375,1,1,0,7066.633333333333,1,1,0
172.16.0.1-53860-192.168.10.50-21-tcp,0.46875,1,1,1,6236.266666666666,1,0,0
172.16.0.1-56368-192.168.10.50-21-tcp,0.46875,1,1,1,5257.5,0,0,0
172.16.0.1-55774-192.168.10.50-21-tcp,0.5,1,1,1,8660.0,1,1,1
172.16.0.1-56426-192.168.10.50-21-tcp,0.48484848484848486,1,1,1,5449.903225806452,0,0,0
172.16.0.1-56276-192.168.10.50-21-tcp,0.5405405405405406,1,1,1,12595.028571428571,1,1,1
172.16.0.1-59028-192.168.10.50-21-tcp,0.5,1,1,1,4264.75,0,0,0
172.16.0.1-57360-192.168.10.50-21-tcp,0.46875,1,1,1,7534.433333333333,1,1,1
172.16.0.1-52372-192.168.10.50-21-tcp,0.5128205128205128,1,1,1,10630.108108108108,1,1,1
172.16.0.1-54732-192.168.10.50-21-tcp,0.46875,1,1,1,9893.033333333333,1,1,1
172.16.0.1-53804-192.168.10.50-21-tcp,0.5826086956521739,1,1,1,7312.991150442478,1,1,0
172.16.0.1-59164-192.168.10.50-21-tcp,0.5526315789473685,1,1,1,7439.583333333333,1,1,1
172.16.0.1-58080-192.168.10.50-21-tcp,0.5277777777777778,1,1,1,11692.764705882353,1,1,1
172.16.0.1-57254-192.168.10.50-21-tcp,0.49230769230769234,1,1,1,9688.333333333334,1,1,1
172.16.0.1-56458-192.168.10.50-21-tcp,0.5526315789473685,1,1,1,5630.666666666667,0,0,0
192.168.10.14-54835-192.168.10.50-21-tcp,0.367816091954023,0,0,0,5163.294117647059,0,0,0
172.16.0.1-52776-192.168.10.50-21-tcp,0.48484848484848486,1,1,1,7811.4838709677415,1,1,1
172.16.0.1-57964-192.168.10.50-21-tcp,0.45454545454545453,1,1,1,5847.193548387097,0,0,0
172.16.0.1-58154-192.168.10.50-21-tcp,0.4857142857142857,1,1,1,6638.212121212121,1,0,0
172.16.0.1-54202-192.168.10.50-21-tcp,0.5526315789473685,1,1,1,7411.583333333333,1,1,1
172.16.0.1-52170-192.168.10.50-21-tcp,0.4375,1,1,0,5760.8,0,0,0
172.16.0.1-55924-192.168.10.50-21-tcp,0.48484848484848486,1,1,1,9425.806451612903,1,1,1
172.16.0.1-57124-192.168.10.50-21-tcp,0.5526315789473685,1,1,1,6093.166666666667,1,0,0
192.168.10.19-59894-192.168.10.50-21-tcp,0.3563218390804598,0,0,0,3739.035294117647,0,0,0
172.16.0.1-52478-192.168.10.50-21-tcp,0.45454545454545453,1,1,1,10027.387096774193,1,1,1
172.16.0.1-57960-192.168.10.50-21-tcp,0.5,1,1,1,8255.258620689656,1,1,1
172.16.0.1-57624-192.168.10.50-21-tcp,0.5405405405405406,1,1,1,5134.771428571428,0,0,0
172.16.0.1-56586-192.168.10.50-21-tcp,0.5135135135135135,1,1,1,5858.685714285714,0,0,0
172.16.0.1-54972-192.168.10.50-21-tcp,0.45454545454545453,1,1,1,10963.645161290322,1,1,1
172.16.0.1-60042-192.168.10.50-21-tcp,0.46875,1,1,1,7908.266666666666,1,1,1
172.16.0.1-52430-192.168.10.50-21-tcp,0.5,1,1,1,8143.78125,1,1,1
172.16.0.1-59420-192.168.10.50-21-tcp,0.4782608695652174,1,1,1,8709.141592920354,1,1,1
172.16.0.1-56378-192.168.10.50-21-tcp,0.4857142857142857,1,1,1,6975.818181818182,1,1,0
172.16.0.1-55148-192.168.10.50-21-tcp,0.45161290322580644,1,1,1,10028.0,1,1,1
172.16.0.1-58572-192.168.10.50-21-tcp,0.5,1,1,1,8250.125,1,1,1
172.16.0.1-54794-192.168.10.50-21-tcp,0.5,1,1,1,13099.875,1,1,1
172.16.0.1-57140-192.168.10.50-21-tcp,0.5277777777777778,1,1,1,5757.029411764706,0,0,0
172.16.0.1-54708-192.168.10.50-21-tcp,0.45161290322580644,1,1,1,6900.172413793103,1,1,0
172.16.0.1-54300-192.168.10.50-21-tcp,0.5405405405405406,1,1,1,4843.2,0,0,0
172.16.0.1-53090-192.168.10.50-21-tcp,0.5142857142857142,1,1,1,8395.69696969697,1,1,1
172.16.0.1-57222-192.168.10.50-21-tcp,0.46875,1,1,1,5354.633333333333,0,0,0
172.16.0.1-55242-192.168.10.50-21-tcp,0.5,1,1,1,7493.90625,1,1,1
172.16.0.1-52248-192.168.10.50-21-tcp,0.5142857142857142,1,1,1,7509.878787878788,1,1,1
172.16.0.1-57082-192.168.10.50-21-tcp,0.536,1,1,1,8280.056910569107,1,1,1
172.16.0.1-55112-192.168.10.50-21-tcp,0.46875,1,1,1,6257.333333333333,1,0,0
172.16.0.1-52358-192.168.10.50-21-tcp,0.4915254237288136,1,1,1,8728.793103448275,1,1,1
172.16.0.1-52568-192.168.10.50-21-tcp,0.46875,1,1,1,5614.933333333333,0,0,0
172.16.0.1-59244-192.168.10.50-21-tcp,0.5072463768115942,1,1,1,7652.492537313433,1,1,1
192.168.10.25-63168-192.168.10.50-21-tcp,0.3793103448275862,0,0,0,5721.858823529412,0,0,0
172.16.0.1-57300-192.168.10.50-21-tcp,0.5,1,1,1,7257.40625,1,1,0
172.16.0.1-55914-192.168.10.50-21-tcp,0.48484848484848486,1,1,1,11381.258064516129,1,1,1
172.16.0.1-58016-192.168.10.50-21-tcp,0.5384615384615384,1,1,1,6867.621621621622,1,1,0
172.16.0.1-57472-192.168.10.50-21-tcp,0.4857142857142857,1,1,1,7439.606060606061,1,1,1
172.16.0.1-57678-192.168.10.50-21-tcp,0.48484848484848486,1,1,1,6215.387096774193,1,0,0
172.16.0.1-58432-192.168.10.50-21-tcp,0.5223880597014925,1,1,1,7092.430769230769,1,1,0
192.168.10.8-55644-192.168.10.50-21-tcp,0.367816091954023,0,0,0,5562.941176470588,0,0,0
172.16.0.1-56186-192.168.10.50-21-tcp,0.5142857142857142,1,1,1,7223.393939393939,1,1,0
172.16.0.1-56054-192.168.10.50-21-tcp,0.41379310344827586,1,0,0,7375.777777777777,1,1,0
172.16.0.1-57330-192.168.10.50-21-tcp,0.5540540540540541,1,1,1,9492.319444444445,1,1,1
172.16.0.1-53884-192.168.10.50-21-tcp,0.46875,1,1,1,6723.666666666667,1,1,0
172.16.0.1-55306-192.168.10.50-21-tcp,0.48484848484848486,1,1,1,5968.645161290323,0,0,0
172.16.0.1-53034-192.168.10.50-21-tcp,0.5,1,1,1,6390.617647058823,1,0,0
172.16.0.1-59316-192.168.10.50-21-tcp,0.5277777777777778,1,1,1,4986.205882352941,0,0,0
172.16.0.1-54496-192.168.10.50-21-tcp,0.5142857142857142,1,1,1,9526.060606060606,1,1,1
172.16.0.1-53056-192.168.10.50-21-tcp,0.6222222222222222,1,1,1,9576.418604651162,1,1,1
172.16.0.1-55946-192.168.10.50-21-tcp,0.48484848484848486,1,1,1,7096.451612903225,1,1,0
172.16.0.1-57266-192.168.10.50-21-tcp,0.5813953488372093,1,1,1,9699.341463414634,1,1,1
172.16.0.1-57802-192.168.10.50-21-tcp,0.5277777777777778,1,1,1,8585.0,1,1,1
172.16.0.1-54788-192.168.10.50-21-tcp,0.5277777777777778,1,1,1,8712.323529411764,1,1,1
172.16.0.1-56152-192.168.10.50-21-tcp,0.48484848484848486,1,1,1,6739.548387096775,1,1,0
172.16.0.1-52574-192.168.10.50-21-tcp,0.45161290322580644,1,1,1,6311.0,1,0,0
172.16.0.1-55816-192.168.10.50-21-tcp,0.5,1,1,1,8529.46875,1,1,1
172.16.0.1-53390-192.168.10.50-21-tcp,0.5,1,1,1,6665.558823529412,1,1,0
172.16.0.1-55340-192.168.10.50-21-tcp,0.41379310344827586,1,0,0,7717.259259259259,1,1,1
172.16.0.1-53810-192.168.10.50-21-tcp,0.5142857142857142,1,1,1,5580.090909090909,0,0,0
172.16.0.1-52442-192.168.10.50-21-tcp,0.45454545454545453,1,1,1,6819.193548387097,1,1,0
172.16.0.1-60036-192.168.10.50-21-tcp,0.3870967741935484,0,0,0,7636.206896551724,1,1,1
172.16.0.1-55828-192.168.10.50-21-tcp,0.5405405405405406,1,1,1,12516.6,1,1,1
172.16.0.1-52624-192.168.10.50-21-tcp,0.5277777777777778,1,1,1,8887.558823529413,1,1,1
192.168.10.5-53923-192.168.10.50-21-tcp,0.3793103448275862,0,0,0,5518.517647058824,0,0,0
172.16.0.1-53260-192.168.10.50-21-tcp,0.5083333333333333,1,1,1,9261.322033898305,1,1,1
172.16.0.1-53684-192.168.10.50-21-tcp,0.6222222222222222,1,1,1,10216.67441860465,1,1,1
172.16.0.1-57714-192.168.10.50-21-tcp,0.5,1,1,1,7170.96875,1,1,0
172.16.0.1-54606-192.168.10.50-21-tcp,0.53,1,1,1,8786.19387755102,1,1,1
192.168.10.51-55212-192.168.10.50-21-tcp,0.39080459770114945,1,0,0,4226.64705882353,0,0,0
172.16.0.1-55038-192.168.10.50-21-tcp,0.43243243243243246,1,1,0,13753.685714285713,1,1,1
172.16.0.1-57234-192.168.10.50-21-tcp,0.39285714285714285,1,0,0,8249.384615384615,1,1,1
172.16.0.1-52264-192.168.10.50-21-tcp,0.5769230769230769,1,1,1,9032.986842105263,1,1,1
172.16.0.1-59964-192.168.10.50-21-tcp,0.41379310344827586,1,0,0,6904.925925925926,1,1,0
172.16.0.1-58240-192.168.10.50-21-tcp,0.4824561403508772,1,1,1,6589.339285714285,1,0,0
192.168.10.12-57122-192.168.10.50-21-tcp,0.3563218390804598,0,0,0,4329.247058823529,0,0,0
172.16.0.1-54218-192.168.10.50-21-tcp,0.6136363636363636,1,1,1,5450.071428571428,0,0,0
172.16.0.1-58894-192.168.10.50-21-tcp,0.5277777777777778,1,1,1,7015.470588235294,1,1,0
172.16.0.1-55740-192.168.10.50-21-tcp,0.45161290322580644,1,1,1,11429.068965517241,1,1,1
172.16.0.1-57206-192.168.10.50-21-tcp,0.45161290322580644,1,1,1,5914.103448275862,0,0,0
172.16.0.1-52778-192.168.10.50-21-tcp,0.5,1,1,1,8621.40625,1,1,1
192.168.10.25-56034-192.168.10.50-21-tcp,0.3793103448275862,0,0,0,5134.717647058824,0,0,0
172.16.0.1-52564-192.168.10.50-21-tcp,0.45161290322580644,1,1,1,8075.413793103448,1,1,1
192.168.10.25-64287-192.168.10.50-21-tcp,0.3218390804597701,0,0,0,3836.4823529411765,0,0,0
172.16.0.1-53506-192.168.10.50-21-tcp,0.41379310344827586,1,0,0,9263.222222222223,1,1,1
172.16.0.1-54722-192.168.10.50-21-tcp,0.5,1,1,1,8692.46875,1,1,1
172.16.0.1-58018-192.168.10.50-21-tcp,0.45161290322580644,1,1,1,8300.206896551725,1,1,1
172.16.0.1-53878-192.168.10.50-21-tcp,0.39285714285714285,1,0,0,5459.807692307692,0,0,0
172.16.0.1-56656-192.168.10.50-21-tcp,0.5217391304347826,1,1,1,10912.119402985074,1,1,1
172.16.0.1-57070-192.168.10.50-21-tcp,0.5142857142857142,1,1,1,5696.212121212121,0,0,0
172.16.0.1-57356-192.168.10.50-21-tcp,0.5072463768115942,1,1,1,8255.537313432837,1,1,1
172.16.0.1-52808-192.168.10.50-21-tcp,0.5,1,1,1,7546.676470588235,1,1,1
172.16.0.1-54630-192.168.10.50-21-tcp,0.43333333333333335,1,1,0,12157.607142857143,1,1,1
172.16.0.1-59854-192.168.10.50-21-tcp,0.5142857142857142,1,1,1,8927.636363636364,1,1,1
172.16.0.1-55104-192.168.10.50-21-tcp,0.5142857142857142,1,1,1,6938.181818181818,1,1,0
172.16.0.1-52542-192.168.10.50-21-tcp,0.46875,1,1,1,7340.666666666667,1,1,0
172.16.0.1-55172-192.168.10.50-21-tcp,0.4411764705882353,1,1,1,9349.53125,1,1,1
172.16.0.1-59718-192.168.10.50-21-tcp,0.5196078431372549,1,1,1,6884.84,1,1,0
172.16.0.1-56742-192.168.10.50-21-tcp,0.5,1,1,1,8748.5625,1,1,1
172.16.0.1-55194-192.168.10.50-21-tcp,0.46875,1,1,1,11960.033333333333,1,1,1
172.16.0.1-58664-192.168.10.50-21-tcp,0.4375,1,1,0,12121.733333333334,1,1,1
172.16.0.1-55880-192.168.10.50-21-tcp,0.5526315789473685,1,1,1,9852.722222222223,1,1,1
172.16.0.1-53222-192.168.10.50-21-tcp,0.4852941176470588,1,1,1,5365.121212121212,0,0,0
172.16.0.1-57798-192.168.10.50-21-tcp,0.5142857142857142,1,1,1,9721.030303030304,1,1,1
192.168.10.5-58428-192.168.10.50-21-tcp,0.367816091954023,0,0,0,4117.117647058823,0,0,0
172.16.0.1-55850-192.168.10.50-21-tcp,0.5,1,1,1,9296.3125,1,1,1
192.168.10.8-50742-192.168.10.50-21-tcp,0.3793103448275862,0,0,0,4138.941176470588,0,0,0
172.16.0.1-58970-192.168.10.50-21-tcp,0.48484848484848486,1,1,1,6797.064516129032,1,1,0
172.16.0.1-57344-192.168.10.50-21-tcp,0.5223880597014925,1,1,1,9199.953846153847,1,1,1
192.168.10.12-57646-192.168.10.50-21-tcp,0.3448275862068966,0,0,0,4651.176470588235,0,0,0
172.16.0.1-54534-192.168.10.50-21-tcp,0.45454545454545453,1,1,1,7085.580645161291,1,1,0
172.16.0.1-57852-192.168.10.50-21-tcp,0.5142857142857142,1,1,1,9123.212121212122,1,1,1
172.16.0.1-57074-192.168.10.50-21-tcp,0.5,1,1,1,8230.96875,1,1,1
172.16.0.1-52918-192.168.10.50-21-tcp,0.5277777777777778,1,1,1,6800.970588235294,1,1,0
172.16.0.1-58492-192.168.10.50-21-tcp,0.5616438356164384,1,1,1,5833.380281690141,0,0,0
172.16.0.1-59064-192.168.10.50-21-tcp,0.5480769230769231,1,1,1,7400.14705882353,1,1,0
172.16.0.1-53024-192.168.10.50-21-tcp,0.5526315789473685,1,1,1,8458.555555555555,1,1,1
172.16.0.1-55960-192.168.10.50-21-tcp,0.5526315789473685,1,1,1,10738.777777777777,1,1,1
172.16.0.1-57138-192.168.10.50-21-tcp,0.48484848484848486,1,1,1,8364.225806451614,1,1,1
192.168.10.15-53609-192.168.10.50-21-tcp,0.3333333333333333,0,0,0,3936.211764705882,0,0,0
172.16.0.1-54810-192.168.10.50-21-tcp,0.5555555555555556,1,1,1,12198.1,1,1,1
172.16.0.1-57908-192.168.10.50-21-tcp,0.48484848484848486,1,1,1,7826.096774193548,1,1,1
192.168.10.51-55748-192.168.10.50-21-tcp,0.367816091954023,0,0,0,4408.1882352941175,0,0,0
172.16.0.1-54210-192.168.10.50-21-tcp,0.5142857142857142,1,1,1,5410.969696969697,0,0,0
172.16.0.1-58410-192.168.10.50-21-tcp,0.48484848484848486,1,1,1,11378.935483870968,1,1,1
172.16.0.1-52236-192.168.10.50-21-tcp,0.45161290322580644,1,1,1,7830.689655172414,1,1,1
172.16.0.1-59788-192.168.10.50-21-tcp,0.5,1,1,1,9252.21875,1,1,1
172.16.0.1-58614-192.168.10.50-21-tcp,0.41935483870967744,1,0,0,7407.517241379311,1,1,1
172.16.0.1-58528-192.168.10.50-21-tcp,0.48484848484848486,1,1,1,6069.0,1,0,0
192.168.10.17-49574-192.168.10.50-21-tcp,0.3793103448275862,0,0,0,2633.541176470588,0,0,0
172.16.0.1-59902-192.168.10.50-21-tcp,0.5277777777777778,1,1,1,6373.058823529412,1,0,0
172.16.0.1-55854-192.168.10.50-21-tcp,0.5277777777777778,1,1,1,8332.676470588236,1,1,1
172.16.0.1-57588-192.168.10.50-21-tcp,0.5,1,1,1,10436.911764705883,1,1,1
172.16.0.1-59984-192.168.10.50-21-tcp,0.46875,1,1,1,6794.5,1,1,0
172.16.0.1-54674-192.168.10.50-21-tcp,0.5277777777777778,1,1,1,8193.441176470587,1,1,1
172.16.0.1-57106-192.168.10.50-21-tcp,0.5142857142857142,1,1,1,8765.666666666666,1,1,1
172.16.0.1-54278-192.168.10.50-21-tcp,0.5982905982905983,1,1,1,6263.947826086956,1,0,0
172.16.0.1-59122-192.168.10.50-21-tcp,0.5277777777777778,1,1,1,6386.441176470588,1,0,0
172.16.0.1-53572-192.168.10.50-21-tcp,0.5853658536585366,1,1,1,7277.358974358975,1,1,0
172.16.0.1-59800-192.168.10.50-21-tcp,0.5526315789473685,1,1,1,13001.25,1,1,1
192.168.10.12-54402-192.168.10.50-21-tcp,0.39080459770114945,1,0,0,4932.658823529412,0,0,0
172.16.0.1-59812-192.168.10.50-21-tcp,0.5853658536585366,1,1,1,8638.179487179486,1,1,1
172.16.0.1-60080-192.168.10.50-21-tcp,0.5277777777777778,1,1,1,9266.470588235294,1,1,1
192.168.10.8-50417-192.168.10.50-21-tcp,0.3793103448275862,0,0,0,4761.435294117647,0,0,0
172.16.0.1-52718-192.168.10.50-21-tcp,0.6046511627906976,1,1,1,7422.243902439024,1,1,1
192.168.10.5-53581-192.168.10.50-21-tcp,0.3563218390804598,0,0,0,4391.470588235294,0,0,0
172.16.0.1-59424-192.168.10.50-21-tcp,0.45161290322580644,1,1,1,7338.689655172414,1,1,0
172.16.0.1-54134-192.168.10.50-21-tcp,0.48484848484848486,1,1,1,6703.870967741936,1,1,0
172.16.0.1-58846-192.168.10.50-21-tcp,0.41935483870967744,1,0,0,6846.586206896552,1,1,0
172.16.0.1-57212-192.168.10.50-21-tcp,0.48484848484848486,1,1,1,7090.5161290322585,1,1,0
172.16.0.1-55162-192.168.10.50-21-tcp,0.43333333333333335,1,1,0,10148.642857142857,1,1,1
172.16.0.1-56982-192.168.10.50-21-tcp,0.46875,1,1,1,5781.833333333333,0,0,0
172.16.0.1-53576-192.168.10.50-21-tcp,0.5416666666666666,1,1,1,8156.528571428571,1,1,1
172.16.0.1-56640-192.168.10.50-21-tcp,0.4838709677419355,1,1,1,8858.683333333332,1,1,1
172.16.0.1-54248-192.168.10.50-21-tcp,0.48484848484848486,1,1,1,8498.0,1,1,1
172.16.0.1-57432-192.168.10.50-21-tcp,0.4857142857142857,1,1,1,8832.121212121212,1,1,1
192.168.10.19-60914-192.168.10.50-21-tcp,0.367816091954023,0,0,0,3803.6588235294116,0,0,0
172.16.0.1-58318-192.168.10.50-21-tcp,0.5526315789473685,1,1,1,8027.527777777777,1,1,1
172.16.0.1-58698-192.168.10.50-21-tcp,0.4857142857142857,1,1,1,7825.30303030303,1,1,1
172.16.0.1-59254-192.168.10.50-21-tcp,0.5277777777777778,1,1,1,6106.058823529412,1,0,0
172.16.0.1-56706-192.168.10.50-21-tcp,0.5526315789473685,1,1,1,8837.638888888889,1,1,1
172.16.0.1-55400-192.168.10.50-21-tcp,0.47058823529411764,1,1,1,9352.65625,1,1,1
172.16.0.1-53864-192.168.10.50-21-tcp,0.39285714285714285,1,0,0,5203.538461538462,0,0,0
172.16.0.1-57306-192.168.10.50-21-tcp,0.48484848484848486,1,1,1,9074.774193548386,1,1,1
192.168.10.19-59876-192.168.10.50-21-tcp,0.367816091954023,0,0,0,5578.341176470588,0,0,0
172.16.0.1-52512-192.168.10.50-21-tcp,0.43333333333333335,1,1,0,7261.214285714285,1,1,0
172.16.0.1-54874-192.168.10.50-21-tcp,0.5679012345679012,1,1,1,12845.443037974683,1,1,1
172.16.0.1-53638-192.168.10.50-21-tcp,0.5,1,1,1,7121.625,1,1,0
172.16.0.1-54962-192.168.10.50-21-tcp,0.42424242424242425,1,1,0,10293.741935483871,1,1,1
172.16.0.1-59760-192.168.10.50-21-tcp,0.4778761061946903,1,1,1,6824.054054054054,1,1,0
172.16.0.1-52980-192.168.10.50-21-tcp,0.5142857142857142,1,1,1,6137.545454545455,1,0,0
172.16.0.1-58870-192.168.10.50-21-tcp,0.4722222222222222,1,1,1,5591.029411764706,0,0,0
172.16.0.1-57760-192.168.10.50-21-tcp,0.4722222222222222,1,1,1,9916.79411764706,1,1,1
172.16.0.1-56442-192.168.10.50-21-tcp,0.46875,1,1,1,6338.0,1,0,0
172.16.0.1-58586-192.168.10.50-21-tcp,0.48484848484848486,1,1,1,6502.419354838709,1,0,0
172.16.0.1-52316-192.168.10.50-21-tcp,0.5135135135135135,1,1,1,8597.628571428571,1,1,1
172.16.0.1-54662-192.168.10.50-21-tcp,0.5641025641025641,1,1,1,12605.324324324325,1,1,1
172.16.0.1-52390-192.168.10.50-21-tcp,0.48484848484848486,1,1,1,9604.741935483871,1,1,1
172.16.0.1-59850-192.168.10.50-21-tcp,0.5,1,1,1,12666.35294117647,1,1,1
172.16.0.1-52730-192.168.10.50-21-tcp,0.5,1,1,1,11378.382352941177,1,1,1
192.168.10.19-59262-192.168.10.50-21-tcp,0.3448275862068966,0,0,0,4970.364705882353,0,0,0
172.16.0.1-59588-192.168.10.50-21-tcp,0.48484848484848486,1,1,1,5553.193548387097,0,0,0
172.16.0.1-56424-192.168.10.50-21-tcp,0.5,1,1,1,8745.09375,1,1,1
172.16.0.1-58014-192.168.10.50-21-tcp,0.48484848484848486,1,1,1,6258.064516129032,1,0,0
172.16.0.1-54804-192.168.10.50-21-tcp,0.5142857142857142,1,1,1,8764.212121212122,1,1,1
172.16.0.1-58090-192.168.10.50-21-tcp,0.45161290322580644,1,1,1,7450.827586206897,1,1,1
192.168.10.14-54999-192.168.10.50-21-tcp,0.39080459770114945,1,0,0,4387.2235294117645,0,0,0
172.16.0.1-55892-192.168.10.50-21-tcp,0.46875,1,1,1,9318.966666666667,1,1,1
172.16.0.1-56414-192.168.10.50-21-tcp,0.48484848484848486,1,1,1,9254.709677419354,1,1,1
172.16.0.1-54780-192.168.10.50-21-tcp,0.48484848484848486,1,1,1,7602.935483870968,1,1,1
172.16.0.1-56720-192.168.10.50-21-tcp,0.4727272727272727,1,1,1,8051.37037037037,1,1,1
192.168.10.16-60564-192.168.10.50-21-tcp,0.3793103448275862,0,0,0,6374.894117647059,1,0,0
172.16.0.1-53494-192.168.10.50-21-tcp,0.5,1,1,1,6930.625,1,1,0
172.16.0.1-53722-192.168.10.50-21-tcp,0.5566037735849056,1,1,1,6903.807692307692,1,1,0
192.168.10.9-8027-192.168.10.50-21-tcp,0.367816091954023,0,0,0,5094.364705882353,0,0,0
172.16.0.1-53438-192.168.10.50-21-tcp,0.48484848484848486,1,1,1,10530.483870967742,1,1,1
172.16.0.1-53074-192.168.10.50-21-tcp,0.48484848484848486,1,1,1,7377.290322580645,1,1,0
172.16.0.1-58768-192.168.10.50-21-tcp,0.5135135135135135,1,1,1,7169.228571428572,1,1,0
192.168.10.15-53390-192.168.10.50-21-tcp,0.3563218390804598,0,0,0,3891.8470588235296,0,0,0
172.16.0.1-55124-192.168.10.50-21-tcp,0.5526315789473685,1,1,1,6509.666666666667,1,0,0
172.16.0.1-55670-192.168.10.50-21-tcp,0.575,1,1,1,7151.815789473684,1,1,0
172.16.0.1-54430-192.168.10.50-21-tcp,0.46875,1,1,1,7152.733333333334,1,1,0
172.16.0.1-59878-192.168.10.50-21-tcp,0.5555555555555556,1,1,1,9021.985714285714,1,1,1
172.16.0.1-54322-192.168.10.50-21-tcp,0.48484848484848486,1,1,1,6670.645161290323,1,1,0
172.16.0.1-55444-192.168.10.50-21-tcp,0.5405405405405406,1,1,1,10529.542857142857,1,1,1
172.16.0.1-59054-192.168.10.50-21-tcp,0.5076923076923077,1,1,1,5757.777777777777,0,0,0
172.16.0.1-59974-192.168.10.50-21-tcp,0.5,1,1,1,9819.29411764706,1,1,1
172.16.0.1-53436-192.168.10.50-21-tcp,0.5641025641025641,1,1,1,7295.486486486487,1,1,0
172.16.0.1-59566-192.168.10.50-21-tcp,0.45454545454545453,1,1,1,7470.451612903225,1,1,1
172.16.0.1-59938-192.168.10.50-21-tcp,0.41935483870967744,1,0,0,6805.9655172413795,1,1,0
172.16.0.1-56342-192.168.10.50-21-tcp,0.41379310344827586,1,0,0,6187.037037037037,1,0,0
172.16.0.1-58678-192.168.10.50-21-tcp,0.42424242424242425,1,1,0,4464.4838709677415,0,0,0
172.16.0.1-56406-192.168.10.50-21-tcp,0.5041322314049587,1,1,1,9105.957983193277,1,1,1
172.16.0.1-57996-192.168.10.50-21-tcp,0.5135135135135135,1,1,1,6639.742857142857,1,0,0
172.16.0.1-59802-192.168.10.50-21-tcp,0.4857142857142857,1,1,1,8869.575757575758,1,1,1
172.16.0.1-52898-192.168.10.50-21-tcp,0.45161290322580644,1,1,1,5464.137931034483,0,0,0
172.16.0.1-57232-192.168.10.50-21-tcp,0.46875,1,1,1,10039.833333333334,1,1,1
172.16.0.1-56946-192.168.10.50-21-tcp,0.48484848484848486,1,1,1,5762.548387096775,0,0,0
172.16.0.1-55046-192.168.10.50-21-tcp,0.5,1,1,1,11424.65625,1,1,1
172.16.0.1-59200-192.168.10.50-21-tcp,0.41379310344827586,1,0,0,4304.666666666667,0,0,0
172.16.0.1-58276-192.168.10.50-21-tcp,0.5277777777777778,1,1,1,5463.882352941177,0,0,0
192.168.10.12-57878-192.168.10.50-21-tcp,0.3448275862068966,0,0,0,5477.0,0,0,0
172.16.0.1-54958-192.168.10.50-21-tcp,0.5,1,1,1,9363.53125,1,1,1
172.16.0.1-56068-192.168.10.50-21-tcp,0.5142857142857142,1,1,1,5850.606060606061,0,0,0
172.16.0.1-58740-192.168.10.50-21-tcp,0.5,1,1,1,7074.941176470588,1,1,0
172.16.0.1-55472-192.168.10.50-21-tcp,0.5277777777777778,1,1,1,10193.970588235294,1,1,1
172.16.0.1-56852-192.168.10.50-21-tcp,0.5277777777777778,1,1,1,5886.323529411765,0,0,0
192.168.10.17-49273-192.168.10.50-21-tcp,0.39080459770114945,1,0,0,4214.011764705882,0,0,0
172.16.0.1-52762-192.168.10.50-21-tcp,0.48484848484848486,1,1,1,8610.709677419354,1,1,1
172.16.0.1-57836-192.168.10.50-21-tcp,0.532258064516129,1,1,1,8580.524590163934,1,1,1
172.16.0.1-59484-192.168.10.50-21-tcp,0.5142857142857142,1,1,1,5592.393939393939,0,0,0
172.16.0.1-54084-192.168.10.50-21-tcp,0.5163934426229508,1,1,1,7312.408333333334,1,1,0
172.16.0.1-60056-192.168.10.50-21-tcp,0.4722222222222222,1,1,1,8713.941176470587,1,1,1
172.16.0.1-58574-192.168.10.50-21-tcp,0.5,1,1,1,5051.96875,0,0,0
172.16.0.1-58602-192.168.10.50-21-tcp,0.45454545454545453,1,1,1,7264.064516129032,1,1,0
172.16.0.1-56236-192.168.10.50-21-tcp,0.5142857142857142,1,1,1,5331.909090909091,0,0,0
172.16.0.1-55500-192.168.10.50-21-tcp,0.5,1,1,1,7087.294117647059,1,1,0
172.16.0.1-57792-192.168.10.50-21-tcp,0.5277777777777778,1,1,1,8513.0,1,1,1
172.16.0.1-52404-192.168.10.50-21-tcp,0.41935483870967744,1,0,0,10042.586206896553,1,1,1
172.16.0.1-56674-192.168.10.50-21-tcp,0.4838709677419355,1,1,1,6241.233333333334,1,0,0
172.16.0.1-54786-192.168.10.50-21-tcp,0.5277777777777778,1,1,1,8541.29411764706,1,1,1
172.16.0.1-56828-192.168.10.50-21-tcp,0.5,1,1,1,6847.5,1,1,0
192.168.10.8-53052-192.168.10.50-21-tcp,0.3563218390804598,0,0,0,4713.788235294118,0,0,0
172.16.0.1-56956-192.168.10.50-21-tcp,0.5641025641025641,1,1,1,7367.513513513513,1,1,0
192.168.10.16-33396-192.168.10.50-21-tcp,0.367816091954023,0,0,0,4819.576470588236,0,0,0
172.16.0.1-56762-192.168.10.50-21-tcp,0.5068493150684932,1,1,1,8575.267605633802,1,1,1
172.16.0.1-58518-192.168.10.50-21-tcp,0.5142857142857142,1,1,1,7667.212121212121,1,1,1
172.16.0.1-59738-192.168.10.50-21-tcp,0.5263157894736842,1,1,1,7121.472222222223,1,1,0
172.16.0.1-52258-192.168.10.50-21-tcp,0.5142857142857142,1,1,1,11047.939393939394,1,1,1
172.16.0.1-57050-192.168.10.50-21-tcp,0.3870967741935484,0,0,0,7616.9655172413795,1,1,1
172.16.0.1-54274-192.168.10.50-21-tcp,0.48484848484848486,1,1,1,3004.6129032258063,0,0,0
172.16.0.1-59464-192.168.10.50-21-tcp,0.48484848484848486,1,1,1,12040.225806451614,1,1,1
172.16.0.1-58390-192.168.10.50-21-tcp,0.5384615384615384,1,1,1,5054.324324324324,0,0,0
172.16.0.1-56844-192.168.10.50-21-tcp,0.5,1,1,1,8507.625,1,1,1
172.16.0.1-59522-192.168.10.50-21-tcp,0.5461538461538461,1,1,1,7527.203125,1,1,1
172.16.0.1-58352-192.168.10.50-21-tcp,0.48484848484848486,1,1,1,4579.387096774193,0,0,0
172.16.0.1-55510-192.168.10.50-21-tcp,0.47058823529411764,1,1,1,7475.03125,1,1,1
172.16.0.1-57584-192.168.10.50-21-tcp,0.41379310344827586,1,0,0,10373.333333333334,1,1,1
172.16.0.1-56818-192.168.10.50-21-tcp,0.41935483870967744,1,0,0,5058.310344827586,0,0,0
172.16.0.1-55768-192.168.10.50-21-tcp,0.5433070866141733,1,1,1,8351.104,1,1,1
172.16.0.1-56618-192.168.10.50-21-tcp,0.48484848484848486,1,1,1,10513.129032258064,1,1,1
172.16.0.1-56370-192.168.10.50-21-tcp,0.5142857142857142,1,1,1,8619.484848484848,1,1,1
172.16.0.1-52684-192.168.10.50-21-tcp,0.45454545454545453,1,1,1,12409.774193548386,1,1,1
172.16.0.1-54168-192.168.10.50-21-tcp,0.5405405405405406,1,1,1,8654.057142857142,1,1,1
192.168.10.51-52536-192.168.10.50-21-tcp,0.3448275862068966,0,0,0,4231.035294117647,0,0,0
192.168.10.15-52112-192.168.10.50-21-tcp,0.3793103448275862,0,0,0,4054.8117647058825,0,0,0
172.16.0.1-59186-192.168.10.50-21-tcp,0.5,1,1,1,9278.09375,1,1,1
172.16.0.1-54738-192.168.10.50-21-tcp,0.5526315789473685,1,1,1,5930.916666666667,0,0,0
172.16.0.1-59814-192.168.10.50-21-tcp,0.48717948717948717,1,1,1,7522.459459459459,1,1,1
172.16.0.1-57990-192.168.10.50-21-tcp,0.4262295081967213,1,1,0,8215.830508474577,1,1,1
172.16.0.1-52922-192.168.10.50-21-tcp,0.5277777777777778,1,1,1,6948.823529411765,1,1,0
192.168.10.15-53930-192.168.10.50-21-tcp,0.3563218390804598,0,0,0,3706.494117647059,0,0,0
172.16.0.1-59446-192.168.10.50-21-tcp,0.41379310344827586,1,0,0,7498.222222222223,1,1,1
172.16.0.1-55254-192.168.10.50-21-tcp,0.5217391304347826,1,1,1,9356.059701492537,1,1,1
172.16.0.1-57716-192.168.10.50-21-tcp,0.45161290322580644,1,1,1,5681.137931034483,0,0,0
172.16.0.1-52420-192.168.10.50-21-tcp,0.5480769230769231,1,1,1,9594.519607843138,1,1,1
172.16.0.1-57348-192.168.10.50-21-tcp,0.5076923076923077,1,1,1,8821.714285714286,1,1,1
172.16.0.1-57710-192.168.10.50-21-tcp,0.5277777777777778,1,1,1,5768.85294117647,0,0,0
172.16.0.1-60022-192.168.10.50-21-tcp,0.5,1,1,1,8371.470588235294,1,1,1
172.16.0.1-55204-192.168.10.50-21-tcp,0.5277777777777778,1,1,1,7526.470588235294,1,1,1
172.16.0.1-55240-192.168.10.50-21-tcp,0.41379310344827586,1,0,0,7210.37037037037,1,1,0
172.16.0.1-55642-192.168.10.50-21-tcp,0.46875,1,1,1,9483.2,1,1,1
172.16.0.1-53452-192.168.10.50-21-tcp,0.5142857142857142,1,1,1,11578.727272727272,1,1,1
172.16.0.1-53908-192.168.10.50-21-tcp,0.41379310344827586,1,0,0,7221.555555555556,1,1,0
172.16.0.1-56122-192.168.10.50-21-tcp,0.5126050420168067,1,1,1,7028.615384615385,1,1,0
172.16.0.1-56530-192.168.10.50-21-tcp,0.46875,1,1,1,7250.6,1,1,0
172.16.0.1-59864-192.168.10.50-21-tcp,0.45161290322580644,1,1,1,7088.448275862069,1,1,0
172.16.0.1-59334-192.168.10.50-21-tcp,0.5853658536585366,1,1,1,8081.179487179487,1,1,1
192.168.10.5-49686-192.168.10.50-21-tcp,0.367816091954023,0,0,0,3247.3058823529414,0,0,0
172.16.0.1-58374-192.168.10.50-21-tcp,0.48484848484848486,1,1,1,6077.677419354839,1,0,0
172.16.0.1-59004-192.168.10.50-21-tcp,0.5616438356164384,1,1,1,10172.87323943662,1,1,1
172.16.0.1-55058-192.168.10.50-21-tcp,0.48484848484848486,1,1,1,10660.064516129032,1,1,1
172.16.0.1-53254-192.168.10.50-21-tcp,0.5277777777777778,1,1,1,6991.441176470588,1,1,0
172.16.0.1-58144-192.168.10.50-21-tcp,0.5263157894736842,1,1,1,8765.25,1,1,1
192.168.10.8-54554-192.168.10.50-21-tcp,0.367816091954023,0,0,0,4396.070588235294,0,0,0
172.16.0.1-59606-192.168.10.50-21-tcp,0.5142857142857142,1,1,1,8990.969696969696,1,1,1
172.16.0.1-58996-192.168.10.50-21-tcp,0.5277777777777778,1,1,1,10168.911764705883,1,1,1
172.16.0.1-57724-192.168.10.50-21-tcp,0.5,1,1,1,9648.264705882353,1,1,1
172.16.0.1-54454-192.168.10.50-21-tcp,0.5566037735849056,1,1,1,9880.538461538461,1,1,1
172.16.0.1-57018-192.168.10.50-21-tcp,0.5,1,1,1,5744.46875,0,0,0
172.16.0.1-57278-192.168.10.50-21-tcp,0.5526315789473685,1,1,1,8725.805555555555,1,1,1
172.16.0.1-57694-192.168.10.50-21-tcp,0.547945205479452,1,1,1,8256.633802816901,1,1,1
